Date,open,high,low,close
2018-02-08,292.9,303.3,292.55,301.4
2018-02-09,297.0,300.6,295.0,296.4
2018-02-12,288.25,292.4,285.15,288.75
2018-02-14,288.7,288.7,275.0,276.2
2018-02-15,274.8,282.3,274.25,278.7
2018-02-16,280.5,281.2,270.05,271.65
2018-02-19,271.5,272.0,256.65,268.5
2018-02-20,269.0,274.2,264.8,269.65
2018-02-21,272.2,274.1,267.4,273.3
2018-02-22,270.4,273.6,269.45,272.6
2018-02-23,273.45,277.2,272.5,276.05
2018-02-26,280.0,280.0,273.85,274.45
2018-02-27,273.0,275.9,265.95,267.6
2018-02-28,264.25,269.7,260.8,268.0
2018-03-01,266.3,270.0,261.25,262.15
2018-03-05,260.45,265.0,258.75,263.5
2018-03-06,265.85,266.0,255.0,256.55
2018-03-07,255.05,255.35,246.05,246.65
2018-03-08,247.0,257.95,244.3,256.8
2018-03-09,257.0,257.4,251.65,253.25
2018-03-12,254.1,255.25,247.25,252.85
2018-03-13,251.3,262.4,249.6,254.7
2018-03-14,252.5,257.85,250.0,257.05
2018-03-15,257.0,258.8,252.55,253.7
2018-03-16,250.65,255.7,250.1,252.3
2018-03-19,252.9,253.6,246.1,247.95
2018-03-20,246.85,252.25,245.35,249.1
2018-03-21,251.75,254.3,247.1,248.0
2018-03-22,247.0,247.35,240.65,241.55
2018-03-23,237.8,239.65,232.35,234.8
2018-03-26,234.75,247.85,234.25,246.5
2018-03-27,250.0,255.5,248.0,254.35
2018-03-28,252.0,256.2,248.7,249.9
2018-04-02,251.8,252.0,244.9,246.15
2018-04-03,249.55,252.8,248.25,250.5
2018-04-04,251.7,253.0,245.5,247.3
2018-04-05,252.6,261.9,250.0,259.3
2018-04-06,259.65,261.45,254.85,259.7
2018-04-09,260.65,262.75,257.6,260.65
2018-04-10,261.1,265.0,258.5,263.3
2018-04-11,263.0,263.0,256.3,257.05
2018-04-12,257.5,257.5,252.25,253.8
2018-04-13,254.0,255.95,249.7,250.95
2018-04-16,249.35,251.3,247.1,249.0
2018-04-17,251.4,252.5,246.6,248.15
2018-04-18,249.5,249.9,245.3,246.45
2018-04-19,247.1,248.45,245.2,246.15
2018-04-20,245.85,245.85,239.5,241.2
2018-04-23,241.9,244.85,239.3,242.45
2018-04-24,242.0,243.4,239.6,240.6
2018-04-25,239.7,240.75,236.75,237.2
2018-04-26,238.4,238.8,232.5,233.2
2018-04-27,233.25,245.8,233.25,242.6
2018-04-30,244.8,249.7,244.5,246.4
2018-05-02,245.9,246.3,239.75,241.0
2018-05-03,240.95,243.4,238.75,241.9
2018-05-04,243.5,243.9,240.35,241.95
2018-05-07,242.45,248.2,242.05,246.5
2018-05-08,248.0,252.6,244.6,250.05
2018-05-09,249.8,249.8,246.3,248.0
2018-05-10,248.25,250.2,246.3,247.95
2018-05-11,247.6,251.6,246.05,250.35
2018-05-14,249.95,255.8,248.15,253.6
2018-05-15,253.0,257.45,245.9,248.0
2018-05-16,245.5,248.7,240.6,243.1
2018-05-17,244.2,246.0,241.15,242.7
2018-05-18,243.0,244.0,237.85,238.85
2018-05-21,243.55,245.75,240.3,244.45
2018-05-22,243.65,259.7,241.0,253.9
2018-05-23,254.65,269.75,254.3,263.2
2018-05-24,263.85,269.7,260.65,268.5
2018-05-25,267.8,268.4,262.55,266.95
2018-05-28,267.4,274.2,266.05,272.05
2018-05-29,270.5,270.95,262.8,264.3
2018-05-30,260.5,268.0,259.95,267.15
2018-05-31,266.85,274.8,263.15,269.55
2018-06-01,269.25,269.8,264.6,266.7
2018-06-04,268.0,268.35,261.3,263.0
2018-06-05,260.9,265.25,260.9,263.55
2018-06-06,263.0,271.4,262.2,270.15
2018-06-07,271.05,272.9,268.4,269.65
2018-06-08,268.95,273.9,267.0,273.0
2018-06-11,273.3,278.4,273.15,274.0
2018-06-12,274.0,284.4,274.0,282.85
2018-06-13,284.0,289.65,283.65,287.7
2018-06-14,286.55,286.55,281.3,282.6
2018-06-15,282.75,283.45,276.6,277.45
2018-06-18,278.0,279.75,275.45,276.85
2018-06-19,276.0,276.7,269.75,272.6
2018-06-20,273.2,274.75,271.1,273.3
2018-06-21,274.75,274.75,268.1,268.65
2018-06-22,269.0,273.7,265.75,273.05
2018-06-25,271.85,273.15,267.2,268.45
2018-06-26,267.25,271.2,265.4,267.4
2018-06-27,267.35,267.35,261.0,261.7
2018-06-28,260.4,262.0,255.7,257.0
2018-06-29,258.25,263.45,258.2,259.35
2018-07-02,258.95,261.75,254.0,258.85
2018-07-03,259.6,260.9,256.4,257.5
2018-07-04,255.75,258.35,254.5,257.45
2018-07-05,256.6,259.65,255.4,257.0
2018-07-06,257.1,260.05,256.05,260.0
2018-07-09,258.7,264.0,257.65,263.05
2018-07-10,263.1,263.1,259.5,260.15
2018-07-11,260.1,263.45,259.7,261.85
2018-07-12,262.0,265.75,260.75,264.7
2018-07-13,264.4,266.8,262.25,266.0
2018-07-16,265.7,268.35,264.6,267.85
2018-07-17,267.4,272.65,267.2,271.0
2018-07-18,271.1,273.5,270.2,271.8
2018-07-19,271.3,273.8,270.75,272.55
2018-07-20,272.75,272.8,269.1,270.0
2018-07-23,269.9,272.4,268.5,270.75
2018-07-24,271.0,272.9,269.5,272.05
2018-07-25,271.4,273.6,270.0,271.0
2018-07-26,271.0,273.8,270.4,271.65
2018-07-27,272.2,273.5,270.0,270.45
2018-07-30,270.3,272.8,269.7,271.6
2018-07-31,271.85,274.0,271.0,273.85
2018-08-01,273.55,274.2,272.0,273.25
2018-08-02,273.9,275.55,272.5,272.8
2018-08-03,272.65,274.5,271.5,273.45
2018-08-06,273.95,275.0,272.7,273.8
2018-08-07,273.55,275.2,273.15,274.1
2018-08-08,274.0,274.35,271.5,272.3
2018-08-09,271.65,273.55,270.2,271.15
2018-08-10,270.85,274.35,270.1,273.85
2018-08-13,274.4,275.4,273.0,274.2
2018-08-14,274.4,275.6,272.2,272.7
2018-08-15,272.8,273.15,270.65,271.65
2018-08-16,271.75,273.85,270.9,272.8
2018-08-17,272.15,273.5,271.15,272.15
2018-08-20,272.3,273.3,270.4,272.05
2018-08-21,272.55,273.0,270.2,271.4
2018-08-22,270.9,272.2,269.45,270.35
2018-08-23,270.0,271.55,269.0,270.95
2018-08-24,270.9,274.25,270.9,272.85
2018-08-27,272.4,274.15,271.45,273.4
2018-08-28,272.6,274.9,271.95,274.0
2018-08-29,274.85,276.8,273.8,275.3
2018-08-30,274.95,276.2,273.15,274.9
2018-09-03,275.5,275.5,272.15,273.15
2018-09-04,273.0,273.7,271.0,271.8
2018-09-05,271.9,273.15,270.5,272.4
2018-09-06,272.65,273.4,271.8,272.6
2018-09-07,272.8,275.2,272.4,274.4
2018-09-10,274.65,275.2,272.45,272.9
2018-09-11,273.4,275.4,272.9,274.4
2018-09-12,273.8,274.5,272.0,272.8
2018-09-13,272.1,273.2,271.2,271.85
2018-09-14,271.25,272.9,270.3,270.9
2018-09-17,270.8,271.6,269.15,269.75
2018-09-18,269.2,270.35,268.0,268.9
2018-09-19,269.4,270.75,267.85,268.25
2018-09-20,268.2,270.15,267.2,269.05
2018-09-21,269.3,270.9,268.75,269.6
2018-09-24,269.3,270.4,268.1,268.85
2018-09-25,268.85,270.25,268.15,269.6
2018-09-26,269.35,270.0,268.45,269.1
2018-09-27,269.0,269.5,268.2,268.75
2018-09-28,268.25,269.15,267.3,268.1
2018-10-01,268.05,268.9,267.1,267.5
2018-10-02,267.0,269.2,266.4,268.65
2018-10-03,269.3,269.85,267.6,268.2
2018-10-04,267.85,269.65,267.05,268.75
2018-10-05,268.95,270.35,267.95,269.55
2018-10-08,269.3,269.35,267.9,268.3
2018-10-09,269.0,269.8,268.05,268.75
2018-10-10,268.5,268.7,267.1,267.45
2018-10-11,267.2,268.35,266.3,267.3
2018-10-12,267.7,268.6,266.4,267.35
2018-10-15,266.95,267.85,265.65,266.35
2018-10-16,265.85,268.5,265.85,268.0
2018-10-17,267.8,268.55,266.7,267.15
2018-10-18,267.35,268.6,266.85,268.0
2018-10-19,268.2,269.3,267.25,268.65
2018-10-22,268.6,269.9,268.05,269.3
2018-10-23,269.25,269.4,267.4,267.6
2018-10-24,267.5,268.15,266.55,267.05
2018-10-25,267.2,267.35,266.05,266.35
2018-10-26,266.7,267.25,265.55,266.3
2018-10-29,266.7,268.05,266.4,267.9
2018-10-30,268.0,269.0,267.2,268.5
2018-10-31,268.75,269.7,267.8,269.0
2018-11-01,269.05,270.2,268.8,269.75
2018-11-02,269.85,270.4,269.4,270.1
2018-11-05,270.0,270.6,269.5,269.75
2018-11-06,269.9,270.85,269.15,270.25
2018-11-07,270.2,271.2,269.85,270.9
2018-11-08,271.1,272.0,270.55,271.85
2018-11-09,271.9,273.05,271.5,272.75
2018-11-12,272.9,273.4,271.9,272.05
2018-11-13,272.0,272.9,271.3,271.55
2018-11-14,271.45,272.5,270.7,271.05
2018-11-15,270.75,272.35,270.45,272.2
2018-11-16,272.5,273.05,271.85,272.95
2018-11-19,273.05,273.7,272.2,272.5
2018-11-20,272.7,274.0,272.5,273.75
2018-11-21,273.6,274.75,273.05,274.2
2018-11-22,274.5,275.2,273.6,274.95
2018-11-23,274.8,275.5,274.1,274.8
2018-11-26,275.0,276.15,274.7,275.9
2018-11-27,275.8,276.4,275.0,276.1
2018-11-28,276.5,277.75,276.15,277.4
2018-11-29,277.75,278.25,277.0,277.7
2018-11-30,277.65,278.7,277.35,277.55
2018-12-03,277.15,278.45,276.9,277.45
2018-12-04,277.6,278.6,276.8,277.5
2018-12-05,277.2,278.4,276.8,278.05
2018-12-06,278.1,278.6,277.55,278.0
2018-12-07,278.6,279.05,278.0,279.0
2018-12-10,278.65,279.5,278.1,279.1
2018-12-11,279.3,280.2,279.0,279.55
2018-12-12,279.2,280.0,278.9,279.3
2018-12-13,278.85,279.8,278.6,279.55
2018-12-14,279.7,280.7,279.25,279.9
2018-12-17,280.0,280.9,279.45,280.4
2018-12-18,280.5,280.95,279.7,280.2
2018-12-19,280.05,281.1,279.85,281.0
2018-12-20,281.35,282.0,280.7,281.8
2018-12-21,282.0,282.8,281.65,282.55
2018-12-24,282.3,283.2,282.05,282.7
2018-12-26,282.45,283.45,282.2,283.05
2018-12-27,283.3,284.1,282.9,283.6
2018-12-28,283.95,284.6,283.6,283.95
2018-12-31,283.7,284.5,283.3,284.25
2019-01-02,284.55,285.15,283.85,284.8
2019-01-03,284.95,285.5,284.35,284.65
2019-01-04,284.55,285.3,284.15,285.0
2019-01-07,284.9,285.85,284.5,285.3
2019-01-08,285.4,286.05,284.95,285.75
2019-01-09,285.8,286.55,285.3,285.95
2019-01-10,286.05,286.7,285.8,286.5
2019-01-11,286.65,287.2,286.25,287.05
2019-01-14,286.85,287.6,286.7,287.0
2019-01-15,287.2,287.6,286.8,287.1
2019-01-16,287.2,287.8,286.5,286.65
2019-01-17,286.45,287.15,286.05,286.2
2019-01-18,286.0,286.7,285.65,285.9
2019-01-21,285.95,286.6,285.45,285.75
2019-01-22,285.55,286.2,285.15,285.7
2019-01-23,285.35,285.95,284.9,285.05
2019-01-24,284.85,285.5,284.4,284.6
2019-01-25,284.5,285.3,284.15,284.4
2019-01-28,284.2,284.9,283.95,284.15
2019-01-29,284.35,285.05,283.8,284.2
2019-01-30,284.3,285.2,283.65,284.55
2019-01-31,284.5,285.25,284.05,284.85
2019-02-01,284.9,286.1,284.65,285.95
2019-02-04,286.0,286.45,285.4,285.7
2019-02-05,285.65,286.4,285.3,286.0
2019-02-06,286.25,286.75,285.95,286.5
2019-02-07,286.55,287.2,286.25,286.85
2019-02-08,286.7,287.3,286.3,286.8
2019-02-11,286.6,287.0,286.2,286.5
2019-02-12,286.4,286.9,286.0,286.3
2019-02-13,286.3,286.9,286.05,286.8
2019-02-14,286.95,287.5,286.7,287.15
2019-02-15,287.3,287.85,287.0,287.5
2019-02-18,287.2,287.8,286.95,287.4
2019-02-19,287.7,288.25,287.25,287.9
2019-02-20,288.0,288.85,287.65,288.4
2019-02-21,288.4,288.9,287.95,288.15
2019-02-22,288.05,288.55,287.6,287.95
2019-02-25,287.7,288.5,287.45,287.9
2019-02-26,288.0,288.5,287.65,287.9
2019-02-27,287.75,288.05,287.4,287.6
2019-02-28,287.3,287.9,286.95,287.25
2019-03-01,287.05,287.7,286.65,287.0
2019-03-04,286.9,287.65,286.5,287.25
2019-03-05,287.6,288.3,287.2,288.0
2019-03-06,288.25,288.9,287.95,288.8
2019-03-07,288.75,289.3,288.4,288.8
2019-03-08,288.65,289.15,288.3,288.5
2019-03-11,288.3,289.0,288.0,288.35
2019-03-12,288.55,289.2,288.2,288.9
2019-03-13,289.2,289.8,288.9,289.7
2019-03-14,289.9,290.6,289.5,290.4
2019-03-15,290.5,291.1,290.1,290.7
2019-03-18,290.8,291.8,290.5,291.6
2019-03-19,291.9,292.4,291.3,291.65
2019-03-20,291.5,292.1,291.1,291.85
2019-03-21,291.9,292.7,291.3,292.3
2019-03-22,292.6,292.85,292.1,292.2
2019-03-25,292.0,292.7,291.6,292.25
2019-03-26,292.5,293.0,292.15,292.8
2019-03-27,293.0,293.7,292.75,293.4
2019-03-28,293.6,294.2,293.3,294.1
2019-03-29,294.0,294.9,293.8,294.7
2019-04-01,294.8,295.4,294.5,295.1
2019-04-02,295.4,296.2,295.0,295.8
2019-04-03,296.0,296.4,295.6,295.95
2019-04-04,295.8,296.5,295.45,296.35
2019-04-05,296.8,297.5,296.6,297.25
2019-04-08,297.6,298.2,297.0,297.7
2019-04-09,297.7,298.1,297.3,297.4
2019-04-10,297.3,297.8,296.95,297.45
2019-04-11,297.2,298.05,296.9,297.85
2019-04-12,297.9,298.35,297.5,298.1
2019-04-15,298.3,298.9,298.0,298.7
2019-04-16,298.8,299.4,298.6,299.35
2019-04-17,299.7,300.4,299.1,300.0
2019-04-18,300.25,300.8,300.0,300.5
2019-04-19,300.5,301.0,300.2,300.75
2019-04-22,300.9,301.7,300.65,301.5
2019-04-23,301.7,302.1,301.3,301.8
2019-04-24,301.65,302.35,301.3,302.05
2019-04-25,302.2,302.7,301.8,302.4
2019-04-26,302.6,303.2,302.35,303.0
2019-04-29,303.2,303.6,302.8,303.05
2019-04-30,302.9,303.3,302.5,302.7
2019-05-01,303.2,303.7,302.8,303.05
2019-05-02,303.0,303.5,302.7,303.2
2019-05-03,303.3,303.9,303.0,303.6
2019-05-06,303.7,304.0,303.4,303.5
2019-05-07,303.5,304.2,303.3,304.0
2019-05-08,304.2,304.7,304.0,304.3
2019-05-09,304.3,304.9,304.0,304.6
2019-05-10,304.6,305.1,304.3,304.9
2019-05-13,304.8,305.4,304.4,304.9
2019-05-14,304.9,305.5,304.6,305.0
2019-05-15,305.2,305.9,304.9,305.8
2019-05-16,306.0,306.5,305.8,306.0
2019-05-17,306.1,306.7,306.0,306.2
2019-05-20,306.1,306.8,305.9,306.4
2019-05-21,306.3,306.9,306.1,306.3
2019-05-22,306.0,306.7,305.9,306.0
2019-05-23,306.0,306.8,305.9,306.7
2019-05-24,306.9,307.5,306.7,307.3
2019-05-27,307.4,308.1,307.2,307.9
2019-05-28,308.0,308.6,307.8,308.4
2019-05-29,308.5,309.0,308.3,308.7
2019-05-30,308.7,309.4,308.5,309.2
2019-05-31,309.1,309.7,308.8,309.4
2019-06-03,309.15,309.7,308.65,309.1
2019-06-04,309.2,309.85,308.95,309.75
2019-06-05,310.0,310.5,309.75,310.15
2019-06-06,310.3,310.95,310.0,310.7
2019-06-07,311.0,311.55,310.8,311.3
2019-06-10,311.4,311.95,311.0,311.45
2019-06-11,311.3,311.8,311.0,311.25
2019-06-12,311.1,311.7,311.0,311.55
2019-06-13,311.9,312.4,311.7,312.15
2019-06-14,312.35,312.9,312.1,312.7
2019-06-17,312.65,313.25,312.4,313.05
2019-06-18,313.2,313.8,312.9,313.45
2019-06-19,313.6,314.2,313.25,313.75
2019-06-20,313.5,314.1,313.1,313.35
2019-06-21,313.25,313.85,313.0,313.5
2019-06-24,313.35,314.0,313.15,313.9
2019-06-25,314.0,314.85,313.8,314.65
2019-06-26,315.0,315.65,314.8,315.45
2019-06-27,315.5,316.2,315.1,315.9
2019-06-28,316.0,316.6,315.8,316.35
2019-07-01,316.4,316.9,316.15,316.65
2019-07-02,316.75,317.35,316.4,317.1
2019-07-03,317.0,317.7,316.75,317.45
2019-07-04,317.5,318.15,317.2,317.75
2019-07-05,317.6,318.2,317.4,317.9
2019-07-08,317.8,318.5,317.5,318.3
2019-07-09,318.4,318.95,318.1,318.55
2019-07-10,318.7,319.3,318.5,319.1
2019-07-11,319.15,319.8,318.9,319.55
2019-07-12,319.6,320.25,319.25,319.9
2019-07-15,319.75,320.35,319.5,320.15
2019-07-16,320.2,320.9,319.9,320.65
2019-07-17,321.0,321.7,320.75,321.45
2019-07-18,321.6,322.2,321.3,321.9
2019-07-19,322.0,322.65,321.8,322.4
2019-07-22,322.25,322.95,322.0,322.8
2019-07-23,323.0,323.7,322.85,323.5
2019-07-24,323.6,324.25,323.4,324.05
2019-07-25,324.15,324.8,324.0,324.55
2019-07-26,324.7,325.35,324.45,325.1
2019-07-29,325.2,325.85,325.0,325.55
2019-07-30,325.65,326.25,325.45,325.95
2019-07-31,326.1,326.75,325.9,326.55
2019-08-01,326.6,327.35,326.3,327.05
2019-08-02,327.15,327.8,326.9,327.5
2019-08-05,327.65,328.35,327.35,328.1
2019-08-06,328.1,328.7,328.0,328.55
2019-08-07,328.7,329.4,328.5,329.15
2019-08-08,329.3,329.9,329.1,329.65
2019-08-09,329.8,330.4,329.6,330.15
2019-08-12,330.2,330.85,329.95,330.55
2019-08-13,330.7,331.35,330.45,331.05
2019-08-14,331.2,331.85,331.0,331.55
2019-08-15,331.65,332.3,331.4,332.0
2019-08-16,332.1,332.8,331.9,332.55
2019-08-19,332.65,333.3,332.4,333.05
2019-08-20,333.2,333.9,333.0,333.6
2019-08-21,333.7,334.4,333.5,334.2
2019-08-22,334.3,334.9,334.1,334.7
2019-08-23,334.8,335.45,334.6,335.2
2019-08-26,335.3,335.95,335.1,335.65
2019-08-27,335.7,336.4,335.5,336.1
2019-08-28,336.25,336.9,336.0,336.6
2019-08-29,336.7,337.35,336.55,337.05
2019-08-30,337.1,337.7,337.0,337.5
2019-09-02,337.55,338.15,337.3,338.0
2019-09-03,338.1,338.7,337.9,338.5
2019-09-04,338.6,339.25,338.4,339.0
2019-09-05,339.15,339.75,338.9,339.5
2019-09-06,339.6,340.25,339.3,340.0
2019-09-09,340.1,340.75,339.9,340.5
2019-09-10,340.6,341.25,340.4,341.0
2019-09-11,341.2,341.8,341.0,341.5
2019-09-12,341.65,342.25,341.4,342.0
2019-09-13,342.1,342.7,341.9,342.5
2019-09-16,342.6,343.2,342.4,343.0
2019-09-17,343.15,343.75,342.9,343.5
2019-09-18,343.6,344.25,343.4,344.0
2019-09-19,344.15,344.75,343.9,344.5
2019-09-20,344.6,345.25,344.4,345.0
2019-09-23,345.1,345.7,344.9,345.5
2019-09-24,345.65,346.25,345.4,346.0
2019-09-25,346.15,346.75,346.0,346.5
2019-09-26,346.6,347.2,346.4,347.0
2019-09-27,347.1,347.7,347.0,347.5
2019-09-30,347.7,348.3,347.5,348.1
2019-10-01,348.2,348.8,348.0,348.5
2019-10-02,348.7,349.3,348.5,349.0
2019-10-03,349.2,349.8,349.0,349.5
2019-10-04,349.6,350.2,349.4,350.0
2019-10-07,350.15,350.7,350.0,350.5
2019-10-08,350.6,351.2,350.4,351.0
2019-10-09,351.1,351.75,351.0,351.5
2019-10-10,351.6,352.25,351.4,352.0
2019-10-11,352.2,352.8,352.0,352.5
2019-10-14,352.7,353.3,352.5,353.0
2019-10-15,353.25,353.85,353.0,353.5
2019-10-16,353.7,354.35,353.5,354.0
2019-10-17,354.2,354.8,354.0,354.5
2019-10-18,354.65,355.3,354.45,355.0
2019-10-21,355.1,355.8,354.9,355.6
2019-10-22,355.55,356.2,355.3,355.95
2019-10-23,356.05,356.7,355.8,356.4
2019-10-24,356.55,357.2,356.35,357.0
2019-10-25,357.1,357.7,356.9,357.45
2019-10-28,357.55,358.2,357.35,358.0
2019-10-29,358.1,358.7,357.9,358.45
2019-10-30,358.6,359.25,358.4,359.0
2019-10-31,359.15,359.8,358.9,359.55
2019-11-01,359.6,360.3,359.4,360.1
2019-11-04,360.05,360.7,359.8,360.45
2019-11-05,360.5,361.15,360.3,360.9
2019-11-06,361.0,361.7,360.8,361.4
2019-11-07,361.5,362.2,361.3,361.95
2019-11-08,362.05,362.7,361.85,362.45
2019-11-11,362.5,363.2,362.3,362.95
2019-11-12,363.0,363.7,362.8,363.4
2019-11-13,363.5,364.2,363.3,363.9
2019-11-14,364.0,364.7,363.8,364.4
2019-11-15,364.55,365.2,364.3,364.9
2019-11-18,365.05,365.7,364.8,365.4
2019-11-19,365.5,366.2,365.3,365.9
2019-11-20,366.0,366.7,365.8,366.4
2019-11-21,366.5,367.2,366.3,366.9
2019-11-22,367.1,367.8,366.9,367.55
2019-11-25,367.65,368.3,367.4,368.05
2019-11-26,368.1,368.8,367.9,368.5
2019-11-27,368.6,369.3,368.4,369.0
2019-11-28,369.1,369.8,368.9,369.5
2019-11-29,369.6,370.3,369.4,370.1
2019-12-02,370.25,370.9,369.95,370.6
2019-12-03,370.7,371.4,370.55,371.2
2019-12-04,371.3,371.95,371.1,371.75
2019-12-05,371.8,372.5,371.65,372.25
2019-12-06,372.35,373.0,372.2,372.85
2019-12-09,373.0,373.7,372.8,373.45
2019-12-10,373.55,374.2,373.35,374.0
2019-12-11,374.1,374.8,373.95,374.55
2019-12-12,374.6,375.3,374.45,375.1
2019-12-13,375.2,375.9,375.0,375.65
2019-12-16,375.75,376.4,375.5,376.15
2019-12-17,376.3,377.0,376.1,376.75
2019-12-18,377.0,377.7,376.8,377.4
2019-12-19,377.5,378.2,377.3,377.9
2019-12-20,378.05,378.7,377.85,378.45
2019-12-23,378.6,379.3,378.4,379.05
2019-12-24,379.15,379.8,378.95,379.55
2019-12-26,379.7,380.4,379.5,380.1
2019-12-27,380.2,380.9,380.0,380.6
2019-12-30,380.75,381.4,380.55,381.15
2019-12-31,381.3,381.95,381.1,381.7
2020-01-02,381.85,382.5,381.65,382.2
2020-01-03,382.4,383.05,382.2,382.85
2020-01-06,382.95,383.6,382.75,383.35
2020-01-07,383.5,384.2,383.3,383.95
2020-01-08,384.05,384.7,383.85,384.45
2020-01-09,384.6,385.25,384.4,385.05
2020-01-10,385.15,385.8,384.95,385.55
2020-01-13,385.7,386.35,385.5,386.1
2020-01-14,386.2,386.9,386.0,386.6
2020-01-15,386.7,387.4,386.5,387.1
2020-01-16,387.25,387.9,387.05,387.65
2020-01-17,387.8,388.45,387.6,388.2
2020-01-20,388.35,389.0,388.15,388.75
2020-01-21,388.9,389.6,388.7,389.3
2020-01-22,389.5,390.15,389.3,389.9
2020-01-23,390.0,390.7,389.8,390.4
2020-01-24,390.5,391.2,390.3,390.9
2020-01-27,391.05,391.7,390.85,391.45
2020-01-28,391.6,392.3,391.4,392.05
2020-01-29,392.1,392.8,391.9,392.5
2020-01-30,392.6,393.3,392.4,393.0
2020-01-31,393.2,393.9,393.0,393.6
394.7, 395.4, 394.5, 395.1
395.2, 395.9, 395.0, 395.6
396.1, 396.8, 395.9, 396.5
396.6, 397.3, 396.4, 397.0
397.1, 397.8, 396.9, 397.5
397.6, 398.3, 397.4, 398.0
398.1, 398.8, 397.9, 398.5
398.6, 399.3, 398.4, 399.0
399.1, 399.8, 398.9, 399.5
2020-02-04,400.4,401.1,400.2,400.8
2020-02-05,401.3,402.0,401.1,401.7
2020-02-06,402.2,402.9,402.0,402.6
2020-02-07,403.1,403.8,402.9,403.5
2020-02-10,403.6,404.3,403.4,404.0
2020-02-11,404.1,404.8,403.9,404.5
2020-02-12,404.6,405.3,404.4,405.0
2020-02-13,405.1,405.8,404.9,405.5
2020-02-14,405.6,406.3,405.4,406.0
2020-02-17,406.1,406.8,405.9,406.5
2020-02-18,406.6,407.3,406.4,407.0
2020-02-19,407.1,407.8,406.9,407.5
2020-02-20,407.6,408.3,407.4,408.0
2020-02-21,408.1,408.8,407.9,408.5
2020-02-24,408.6,409.3,408.4,409.0
2020-02-25,409.1,409.8,408.9,409.5
2020-02-26,409.6,410.3,409.4,410.0
2020-02-27,410.1,410.8,409.9,410.5
2020-02-28,410.6,411.3,410.4,411.0
2020-03-02,411.1,411.8,410.9,411.5
2020-03-03,411.6,412.3,411.4,412.0
2020-03-04,412.1,412.8,411.9,412.5
2020-03-05,412.6,413.3,412.4,413.0
2020-03-06,413.1,413.8,412.9,413.5
2020-03-09,413.6,414.3,413.4,414.0
2020-03-10,414.1,414.8,413.9,414.5
2020-03-11,414.6,415.3,414.4,415.0
2020-03-12,415.1,415.8,414.9,415.5
2020-03-13,415.6,416.3,415.4,416.0
2020-03-16,416.2,416.9,415.9,416.6
2020-03-17,417.1,417.8,416.9,417.5
2020-03-18,417.6,418.3,417.4,418.0
2020-03-19,418.1,418.8,417.9,418.5
2020-03-20,418.6,419.3,418.4,419.0
2020-03-23,419.1,419.8,418.9,419.5
2020-03-24,419.6,420.3,419.4,420.0
2020-03-25,420.1,420.8,419.9,420.5
2020-03-26,420.6,421.3,420.4,421.0
2020-03-27,421.1,421.8,420.9,421.5
2020-03-30,421.6,422.3,421.4,422.0
2020-03-31,422.1,422.8,421.9,422.5
2020-04-01,422.6,423.3,422.4,423.0
2020-04-02,423.1,423.8,422.9,423.5
2020-04-03,423.7,424.4,423.5,424.1
2020-04-06,424.7,425.4,424.5,425.1
2020-04-07,425.8,426.5,425.6,426.2
2020-04-08,426.9,427.6,426.7,427.3
2020-04-09,427.4,428.1,427.2,427.8
2020-04-10,428.5,429.2,428.3,428.9
2020-04-13,429.6,430.3,429.4,430.0
2020-04-14,430.1,430.8,429.9,430.5
2020-04-15,430.6,431.3,430.4,431.0
2020-04-16,431.1,431.8,430.9,431.5
2020-04-17,431.6,432.3,431.4,432.0
2020-04-20,432.1,432.8,431.9,432.5
2020-04-21,432.6,433.3,432.4,433.0
2020-04-22,433.1,433.8,432.9,433.5
2020-04-23,433.6,434.3,433.4,434.0
2020-04-24,434.2,434.9,434.0,434.6
2020-04-27,435.3,436.0,435.1,435.7
2020-04-28,436.4,437.1,436.2,436.8
2020-04-29,437.5,438.2,437.3,437.9
2020-04-30,438.0,438.7,437.8,438.4
2020-05-01,438.5,439.2,438.3,438.9
2020-05-04,439.0,439.7,438.8,439.4
2020-05-05,439.9,440.6,439.7,440.3
2020-05-06,440.4,441.1,440.2,440.8
2020-05-07,441.3,442.0,441.1,441.7
2020-05-08,442.2,442.9,442.0,442.6
2020-05-11,443.1,443.8,442.9,443.5
2020-05-12,444.0,444.7,443.8,444.4
2020-05-13,445.0,445.7,444.8,445.4
2020-05-14,446.5,447.2,446.3,446.9
2020-05-15,447.0,447.7,446.8,447.4
2020-05-18,448.5,449.2,448.3,448.9
2020-05-19,449.0,449.7,448.8,449.4
2020-05-20,450.5,451.2,450.3,450.9
2020-05-21,451.0,451.7,450.8,451.4
2020-05-22,452.5,453.2,452.3,452.9
2020-05-25,453.0,453.7,452.8,453.4
2020-05-26,454.5,455.2,454.3,454.9
2020-05-27,455.0,455.7,454.8,455.4
2020-05-28,456.5,457.2,456.3,456.9
2020-05-29,457.0,457.7,456.8,457.4
2020-06-01,458.5,459.2,458.3,458.9
2020-06-02,459.0,459.7,458.8,459.4
2020-06-03,460.5,461.2,460.3,460.9
2020-06-04,461.0,461.7,460.8,461.4
2020-06-05,462.5,463.2,462.3,462.9
2020-06-08,463.0,463.7,462.8,463.4
2020-06-09,464.5,465.2,464.3,464.9
2020-06-10,465.0,465.7,464.8,465.4
2020-06-11,466.5,467.2,466.3,466.9
2020-06-12,467.0,467.7,466.8,467.4
2020-06-15,468.5,469.2,468.3,468.9
2020-06-16,469.0,469.7,468.8,469.4
2020-06-17,470.5,471.2,470.3,470.9
2020-06-18,471.0,471.7,470.8,471.4
2020-06-19,472.5,473.2,472.3,472.9
2020-06-22,473.0,473.7,472.8,473.4
2020-06-23,474.5,475.2,474.3,474.9
2020-06-24,475.0,475.7,474.8,475.4
2020-06-25,476.5,477.2,476.3,476.9
2020-06-26,477.0,477.7,476.8,477.4
2020-06-29,478.5,479.2,478.3,478.9
2020-06-30,479.0,479.7,478.8,479.4
2020-07-01,480.0,480.7,479.8,480.4
2020-07-02,480.5,481.2,480.3,480.9
2020-07-06,481.0,481.7,480.8,481.4
2020-07-07,481.5,482.2,481.3,481.9
2020-07-08,482.0,482.7,481.8,482.4
2020-07-09,482.5,483.2,482.3,482.9
2020-07-10,483.0,483.7,482.8,483.4
2020-07-13,483.5,484.2,483.3,483.9
2020-07-14,484.0,484.7,483.8,484.4
2020-07-15,484.5,485.2,484.3,484.9
2020-07-16,485.0,485.7,484.8,485.4
2020-07-17,485.5,486.2,485.3,485.9
2020-07-20,486.0,486.7,485.8,486.4
2020-07-21,486.5,487.2,486.3,486.9
2020-07-22,487.0,487.7,486.8,487.4
2020-07-23,487.5,488.2,487.3,487.9
2020-07-24,488.0,488.7,487.8,488.4
2020-07-27,488.5,489.2,488.3,488.9
2020-07-28,489.0,489.7,488.8,489.4
2020-07-29,489.5,490.2,489.3,489.9
2020-07-30,490.0,490.7,489.8,490.4
2020-08-03,490.5,491.2,490.3,490.9
2020-08-04,491.0,491.7,490.8,491.4
2020-08-05,492.0,492.7,491.8,492.4
2020-08-06,493.5,494.2,493.3,493.9
2020-08-07,494.0,494.7,493.8,494.4
2020-08-10,495.5,496.2,495.3,495.9
2020-08-11,496.0,496.7,495.8,496.4
2020-08-12,497.5,498.2,497.3,497.9
2020-08-13,498.0,498.7,497.8,498.4
2020-08-14,499.5,500.2,499.3,499.9
2020-08-17,500.0,500.7,499.8,500.4
2020-08-18,501.5,502.2,501.3,501.9
2020-08-19,502.0,502.7,501.8,502.4
2020-08-20,503.5,504.2,503.3,503.9
2020-08-21,504.0,504.7,503.8,504.4
2020-08-24,505.5,506.2,505.3,505.9
2020-08-25,506.0,506.7,505.8,506.4
2020-08-26,507.5,508.2,507.3,507.9
2020-08-27,508.0,508.7,507.8,508.4
2020-08-28,509.5,510.2,509.3,509.9
2020-08-31,510.0,510.7,509.8,510.4
2020-09-01,511.5,512.2,511.3,511.9
2020-09-02,512.0,512.7,511.8,512.4
2020-09-03,513.5,514.2,513.3,513.9
2020-09-04,514.0,514.7,513.8,514.4
2020-09-07,515.5,516.2,515.3,515.9
2020-09-08,516.0,516.7,515.8,516.4
2020-09-09,517.5,518.2,517.3,517.9
2020-09-10,518.0,518.7,517.8,518.4
2020-09-11,519.5,520.2,519.3,519.9
2020-09-14,520.0,520.7,519.8,520.4
2020-09-15,521.5,522.2,521.3,521.9
2020-09-16,522.0,522.7,521.8,522.4
2020-09-17,523.5,524.2,523.3,523.9
2020-09-18,524.0,524.7,523.8,524.4
2020-09-21,524.5,525.2,524.3,524.9
2020-09-22,525.0,525.7,524.8,525.4
2020-09-23,526.5,527.2,526.3,526.9
2020-09-24,527.0,527.7,526.8,527.4
2020-09-25,528.5,529.2,528.3,528.9
2020-09-28,529.0,529.7,528.8,529.4
2020-09-29,530.5,531.2,530.3,530.9
2020-09-30,531.0,531.7,530.8,531.4
2020-10-01,532.0,532.7,531.8,532.4
2020-10-02,532.5,533.2,532.3,532.9
2020-10-05,533.0,533.7,532.8,533.4
2020-10-06,533.5,534.2,533.3,533.9
2020-10-07,534.0,534.7,533.8,534.4
2020-10-08,534.5,535.2,534.3,534.9
2020-10-09,535.0,535.7,534.8,535.4
2020-10-12,535.5,536.2,535.3,535.9
2020-10-13,536.0,536.7,535.8,536.4
2020-10-14,536.5,537.2,536.3,536.9
2020-10-15,537.0,537.7,536.8,537.4
2020-10-16,537.5,538.2,537.3,537.9
2020-10-19,538.0,538.7,537.8,538.4
2020-10-20,538.5,539.2,538.3,538.9
2020-10-21,539.0,539.7,538.8,539.4
2020-10-22,539.5,540.2,539.3,539.9
2020-10-23,540.0,540.7,539.8,540.4
2020-10-26,540.5,541.2,540.3,540.9
2020-10-27,541.0,541.7,540.8,541.4
2020-10-28,541.5,542.2,541.3,541.9
2020-10-29,542.0,542.7,541.8,542.4
2020-10-30,542.5,543.2,542.3,542.9
2020-11-02,543.0,543.7,542.8,543.4
2020-11-03,543.5,544.2,543.3,543.9
2020-11-04,544.0,544.7,543.8,544.4
2020-11-05,544.5,545.2,544.3,544.9
2020-11-06,545.0,545.7,544.8,545.4
2020-11-09,545.5,546.2,545.3,545.9
2020-11-10,546.0,546.7,545.8,546.4
2020-11-11,546.5,547.2,546.3,546.9
2020-11-12,547.0,547.7,546.8,547.4
2020-11-13,547.5,548.2,547.3,547.9
2020-11-16,548.0,548.7,547.8,548.4
2020-11-17,548.5,549.2,548.3,548.9
2020-11-18,549.0,549.7,548.8,549.4
2020-11-19,549.5,550.2,549.3,549.9
2020-11-20,550.0,550.7,549.8,550.4
2020-11-23,550.5,551.2,550.3,550.9
2020-11-24,551.0,551.7,550.8,551.4
2020-11-25,551.5,552.2,551.3,551.9
2020-11-26,552.0,552.7,551.8,552.4
2020-11-27,552.5,553.2,552.3,552.9
2020-11-30,553.0,553.7,552.8,553.4
2020-12-01,553.5,554.2,553.3,553.9
2020-12-02,554.0,554.7,553.8,554.4
2020-12-03,554.5,555.2,554.3,554.9
2020-12-04,555.0,555.7,554.8,555.4
2020-12-07,555.5,556.2,555.3,555.9
2020-12-08,556.0,556.7,555.8,556.4
2020-12-09,556.5,557.2,556.3,556.9
2020-12-10,557.0,557.7,556.8,557.4
2020-12-11,557.5,558.2,557.3,557.9
2020-12-14,558.0,558.7,557.8,558.4
2020-12-15,558.5,559.2,558.3,558.9
2020-12-16,559.0,559.7,558.8,559.4
2020-12-17,559.5,560.2,559.3,559.9
2020-12-18,560.0,560.7,559.8,560.4
2020-12-21,560.5,561.2,560.3,560.9
2020-12-22,561.0,561.7,560.8,561.4
2020-12-23,561.5,562.2,561.3,561.9
2020-12-24,562.0,562.7,561.8,562.4
2020-12-28,562.5,563.2,562.3,562.9
2020-12-29,563.0,563.7,562.8,563.4
2020-12-30,563.5,564.2,563.3,563.9
2020-12-31,564.0,564.7,563.8,564.4
2021-01-04,564.5,565.2,564.3,564.9
2021-01-05,565.0,565.7,564.8,565.4
2021-01-06,565.5,566.2,565.3,565.9
2021-01-07,566.0,566.7,565.8,566.4
2021-01-08,566.5,567.2,566.3,566.9
2021-01-11,567.0,567.7,566.8,567.4
2021-01-12,567.5,568.2,567.3,567.9
2021-01-13,568.0,568.7,567.8,568.4
2021-01-14,568.5,569.2,568.3,568.9
2021-01-15,569.0,569.7,568.8,569.4
2021-01-18,569.5,570.2,569.3,569.9
2021-01-19,570.0,570.7,569.8,570.4
2021-01-20,570.5,571.2,570.3,570.9
2021-01-21,571.0,571.7,570.8,571.4
2021-01-22,571.5,572.2,571.3,571.9
2021-01-25,570.5,571.2,570.3,570.9
2021-01-26,570.0,570.7,569.8,570.4
2021-01-27,569.5,570.2,569.3,569.9
2021-01-28,569.0,569.7,568.8,569.4
2021-01-29,568.5,569.2,568.3,568.9
2021-02-01,568.0,568.7,567.8,568.4
2021-02-02,567.5,568.2,567.3,567.9
2021-02-03,567.0,567.7,566.8,567.4
2021-02-04,566.5,567.2,566.3,566.9
2021-02-05,566.0,566.7,565.8,566.4
2021-02-08,565.5,566.2,565.3,565.9
2021-02-09,565.0,565.7,564.8,565.4
2021-02-10,564.5,565.2,564.3,564.9
2021-02-11,564.0,564.7,563.8,564.4
2021-02-12,563.5,564.2,563.3,563.9
2021-02-15,563.0,563.7,562.8,563.4
2021-02-16,562.5,563.2,562.3,562.9
2021-02-17,562.0,562.7,561.8,562.4
2021-02-18,561.5,562.2,561.3,561.9
2021-02-19,561.0,561.7,560.8,561.4
2021-02-22,560.5,561.2,560.3,560.9
2021-02-23,560.0,560.7,559.8,560.4
2021-02-24,559.5,560.2,559.3,559.9
2021-02-25,559.0,559.7,558.8,559.4
2021-02-26,558.5,559.2,558.3,558.9
2021-03-01,558.0,558.7,557.8,558.4
2021-03-02,557.5,558.2,557.3,557.9
2021-03-03,557.0,557.7,556.8,557.4
2021-03-04,556.5,557.2,556.3,556.9
2021-03-05,556.0,556.7,555.8,556.4
2021-03-08,555.5,556.2,555.3,555.9
2021-03-09,555.0,555.7,554.8,555.4
2021-03-10,554.5,555.2,554.3,554.9
2021-03-11,554.0,554.7,553.8,554.4
2021-03-12,553.5,554.2,553.3,553.9
2021-03-15,553.0,553.7,552.8,553.4
2021-03-16,552.5,553.2,552.3,552.9
2021-03-17,552.0,552.7,551.8,552.4
2021-03-18,551.5,552.2,551.3,551.9
2021-03-19,551.0,551.7,550.8,551.4
2021-03-22,550.5,551.2,550.3,550.9
2021-03-23,551.0,551.7,550.8,551.4
2021-03-24,551.5,552.2,551.3,551.9
2021-03-25,552.0,552.7,551.8,552.4
2021-03-26,552.5,553.2,552.3,552.9
2021-03-29,553.0,553.7,552.8,553.4
2021-03-30,553.5,554.2,553.3,553.9
2021-03-31,554.0,554.7,553.8,554.4
2021-04-01,554.5,555.2,554.3,554.9
2021-04-02,555.0,555.7,554.8,555.4
2021-04-05,555.5,556.2,555.3,555.9
2021-04-06,556.0,556.7,555.8,556.4
2021-04-07,556.5,557.2,556.3,556.9
2021-04-08,557.0,557.7,556.8,557.4
2021-04-09,557.5,558.2,557.3,557.9
2021-04-12,558.0,558.7,557.8,558.4
2021-04-13,558.5,559.2,558.3,558.9
2021-04-14,559.0,559.7,558.8,559.4
2021-04-15,559.5,560.2,559.3,559.9
2021-04-16,560.0,560.7,559.8,560.4
2021-04-19,560.5,561.2,560.3,560.9
2021-04-20,561.0,561.7,560.8,561.4
2021-04-21,561.5,562.2,561.3,561.9
2021-04-22,562.0,562.7,561.8,562.4
2021-04-23,562.5,563.2,562.3,562.9
2021-04-26,563.0,563.7,562.8,563.4
2021-04-27,563.5,564.2,563.3,563.9
2021-04-28,564.0,564.7,563.8,564.4
2021-04-29,564.5,565.2,564.3,564.9
2021-04-30,565.0,565.7,564.8,565.4
2021-05-03,565.5,566.2,565.3,565.9
2021-05-04,566.0,566.7,565.8,566.4
2021-05-05,566.5,567.2,566.3,566.9
2021-05-06,567.0,567.7,566.8,567.4
2021-05-07,567.5,568.2,567.3,567.9
2021-05-10,568.0,568.7,567.8,568.4
2021-05-11,568.5,569.2,568.3,568.9
2021-05-12,569.0,569.7,568.8,569.4
2021-05-13,569.5,570.2,569.3,569.9
2021-05-14,570.0,570.7,569.8,570.4
2021-05-17,570.5,571.2,570.3,570.9
2021-05-18,571.0,571.7,570.8,571.4
2021-05-19,571.5,572.2,571.3,571.9
2021-05-20,572.0,572.7,571.8,572.4
2021-05-21,572.5,573.2,572.3,572.9
2021-05-24,573.0,573.7,572.8,573.4
2021-05-25,573.5,574.2,573.3,573.9
2021-05-26,574.0,574.7,573.8,574.4
2021-05-27,574.5,575.2,574.3,574.9
2021-05-28,575.0,575.7,574.8,575.4
2021-05-31,575.5,576.2,575.3,575.9
2021-06-01,576.0,576.7,575.8,576.4
2021-06-02,576.5,577.2,576.3,576.9
2021-06-03,577.0,577.7,576.8,577.4
2021-06-04,577.5,578.2,577.3,577.9
2021-06-07,578.0,578.7,577.8,578.4
2021-06-08,578.5,579.2,578.3,578.9
2021-06-09,579.0,579.7,578.8,579.4
2021-06-10,579.5,580.2,579.3,579.9
2021-06-11,580.0,580.7,579.8,580.4
2021-06-14,580.5,581.2,580.3,580.9
2021-06-15,581.0,581.7,580.8,581.4
2021-06-16,581.5,582.2,581.3,581.9
2021-06-17,582.0,582.7,581.8,582.4
2021-06-18,582.5,583.2,582.3,582.9
2021-06-21,583.0,583.7,582.8,583.4
2021-06-22,583.5,584.2,583.3,583.9
2021-06-23,584.0,584.7,583.8,584.4
2021-06-24,584.5,585.2,584.3,584.9
2021-06-25,585.0,585.7,584.8,585.4
2021-06-28,585.5,586.2,585.3,585.9
2021-06-29,586.0,586.7,585.8,586.4
2021-06-30,586.5,587.2,586.3,586.9
2021-07-01,587.0,587.7,586.8,587.4
2021-07-02,587.5,588.2,587.3,587.9
2021-07-05,588.0,588.7,587.8,588.4
2021-07-06,588.5,589.2,588.3,588.9
2021-07-07,589.0,589.7,588.8,589.4
2021-07-08,589.5,590.2,589.3,589.9
2021-07-09,590.0,590.7,589.8,590.4
2021-07-12,590.5,591.2,590.3,590.9
2021-07-13,591.0,591.7,590.8,591.4
2021-07-14,591.5,592.2,591.3,591.9
2021-07-15,592.0,592.7,591.8,592.4
2021-07-16,592.5,593.2,592.3,592.9
2021-07-19,593.0,593.7,592.8,593.4
2021-07-20,593.5,594.2,593.3,593.9
2021-07-21,594.0,594.7,593.8,594.4
2021-07-22,594.5,595.2,594.3,594.9
2021-07-23,595.0,595.7,594.8,595.4
2021-07-26,595.5,596.2,595.3,595.9
2021-07-27,596.0,596.7,595.8,596.4
2021-07-28,596.5,597.2,596.3,596.9
2021-07-29,597.0,597.7,596.8,597.4
2021-07-30,597.5,598.2,597.3,597.9
2021-08-02,598.0,598.7,597.8,598.4
2021-08-03,598.5,599.2,598.3,598.9
2021-08-04,599.0,599.7,598.8,599.4
2021-08-05,599.5,600.2,599.3,599.9
2021-08-06,600.0,600.7,599.8,600.4
2021-08-09,600.5,601.2,600.3,600.9
2021-08-10,601.0,601.7,600.8,601.4
2021-08-11,601.5,602.2,601.3,601.9
2021-08-12,602.0,602.7,601.8,602.4
2021-08-13,602.5,603.2,602.3,602.9
2021-08-16,603.0,603.7,602.8,603.4
2021-08-17,603.5,604.2,603.3,603.9
2021-08-18,604.0,604.7,603.8,604.4
2021-08-19,604.5,605.2,604.3,604.9
2021-08-20,605.0,605.7,604.8,605.4
2021-08-23,605.5,606.2,605.3,605.9
2021-08-24,606.0,606.7,605.8,606.4
2021-08-25,606.5,607.2,606.3,606.9
2021-08-26,607.0,607.7,606.8,607.4
2021-08-27,607.5,608.2,607.3,607.9
2021-08-30,608.0,608.7,607.8,608.4
2021-08-31,608.5,609.2,608.3,608.9
2021-09-01,609.0,609.7,608.8,609.4
2021-09-02,609.5,610.2,609.3,609.9
2021-09-03,610.0,610.7,609.8,610.4
2021-09-06,610.5,611.2,610.3,610.9
2021-09-07,611.0,611.7,610.8,611.4
2021-09-08,611.5,612.2,611.3,611.9
2021-09-09,612.0,612.7,611.8,612.4
2021-09-10,612.5,613.2,612.3,612.9
2021-09-13,613.0,613.7,612.8,613.4
2021-09-14,613.5,614.2,613.3,613.9
2021-09-15,614.0,614.7,613.8,614.4
2021-09-16,614.5,615.2,614.3,614.9
2021-09-17,615.0,615.7,614.8,615.4
2021-09-20,615.5,616.2,615.3,615.9
2021-09-21,616.0,616.7,615.8,616.4
2021-09-22,616.5,617.2,616.3,616.9
2021-09-23,617.0,617.7,616.8,617.4
2021-09-24,617.5,618.2,617.3,617.9
2021-09-27,618.0,618.7,617.8,618.4
2021-09-28,618.5,619.2,618.3,618.9
2021-09-29,619.0,619.7,618.8,619.4
2021-09-30,619.5,620.2,619.3,619.9
2021-10-01,620.0,620.7,619.8,620.4
2021-10-04,620.5,621.2,620.3,620.9
2021-10-05,621.0,621.7,620.8,621.4
2021-10-06,621.5,622.2,621.3,621.9
2021-10-07,622.0,622.7,621.8,622.4
2021-10-08,622.5,623.2,622.3,622.9
2021-10-11,623.0,623.7,622.8,623.4
2021-10-12,623.5,624.2,623.3,623.9
2021-10-13,624.0,624.7,623.8,624.4
2021-10-14,624.5,625.2,624.3,624.9
2021-10-15,625.0,625.7,624.8,625.4
2021-10-18,625.5,626.2,625.3,625.9
2021-10-19,626.0,626.7,625.8,626.4
2021-10-20,626.5,627.2,626.3,626.9
2021-10-21,627.0,627.7,626.8,627.4
2021-10-22,627.5,628.2,627.3,627.9
2021-10-25,628.0,628.7,627.8,628.4
2021-10-26,628.5,629.2,628.3,628.9
2021-10-27,629.0,629.7,628.8,629.4
2021-10-28,629.5,630.2,629.3,629.9
2021-10-29,630.0,630.7,629.8,630.4
2021-11-01,630.5,631.2,630.3,630.9
2021-11-02,631.0,631.7,630.8,631.4
2021-11-03,631.5,632.2,631.3,631.9
2021-11-04,632.0,632.7,631.8,632.4
2021-11-05,632.5,633.2,632.3,632.9
2021-11-08,633.0,633.7,632.8,633.4
2021-11-09,633.5,634.2,633.3,633.9
2021-11-10,634.0,634.7,633.8,634.4
2021-11-11,634.5,635.2,634.3,634.9
2021-11-12,635.0,635.7,634.8,635.4
2021-11-15,635.5,636.2,635.3,635.9
2021-11-16,636.0,636.7,635.8,636.4
2021-11-17,636.5,637.2,636.3,636.9
2021-11-18,637.0,637.7,636.8,637.4
2021-11-19,637.5,638.2,637.3,637.9
2021-11-22,638.0,638.7,637.8,638.4
2021-11-23,638.5,639.2,638.3,638.9
2021-11-24,639.0,639.7,638.8,639.4
2021-11-25,639.5,640.2,639.3,639.9
2021-11-26,640.0,640.7,639.8,640.4
2021-11-29,640.5,641.2,640.3,640.9
2021-11-30,641.0,641.7,640.8,641.4
2021-12-01,641.5,642.2,641.3,641.9
2021-12-02,642.0,642.7,641.8,642.4
2021-12-03,642.5,643.2,642.3,642.9
2021-12-06,643.0,643.7,642.8,643.4
2021-12-07,643.5,644.2,643.3,643.9
2021-12-08,644.0,644.7,643.8,644.4
2021-12-09,644.5,645.2,644.3,644.9
2021-12-10,645.0,645.7,644.8,645.4
2021-12-13,645.5,646.2,645.3,645.9
2021-12-14,646.0,646.7,645.8,646.4
2021-12-15,646.5,647.2,646.3,646.9
2021-12-16,647.0,647.7,646.8,647.4
2021-12-17,647.5,648.2,647.3,647.9
2021-12-20,648.0,648.7,647.8,648.4
2021-12-21,648.5,649.2,648.3,648.9
2021-12-22,649.0,649.7,648.8,649.4
2021-12-23,649.5,650.2,649.3,649.9
2021-12-24,650.0,650.7,649.8,650.4
2021-12-27,650.5,651.2,650.3,650.9
2021-12-28,651.0,651.7,650.8,651.4
2021-12-29,651.5,652.2,651.3,651.9
2021-12-30,652.0,652.7,651.8,652.4
2021-12-31,652.5,653.2,652.3,652.9
2022-01-03,653.0,653.7,652.8,653.4
2022-01-04,653.5,654.2,653.3,653.9
2022-01-05,654.0,654.7,653.8,654.4
2022-01-06,654.5,655.2,654.3,654.9
2022-01-07,655.0,655.7,654.8,655.4
2022-01-10,655.5,656.2,655.3,655.9
2022-01-11,656.0,656.7,655.8,656.4
2022-01-12,656.5,657.2,656.3,656.9
2022-01-13,657.0,657.7,656.8,657.4
2022-01-14,657.5,658.2,657.3,657.9
2022-01-17,658.0,658.7,657.8,658.4
2022-01-18,658.5,659.2,658.3,658.9
2022-01-19,659.0,659.7,658.8,659.4
2022-01-20,659.5,660.2,659.3,659.9
2022-01-21,660.0,660.7,659.8,660.4
2022-01-24,660.5,661.2,660.3,660.9
2022-01-25,661.0,661.7,660.8,661.4
2022-01-26,661.5,662.2,661.3,661.9
2022-01-27,662.0,662.7,661.8,662.4
2022-01-28,662.5,663.2,662.3,662.9
2022-01-31,663.0,663.7,662.8,663.4
2022-02-01,663.5,664.2,663.3,663.9
2022-02-02,664.0,664.7,663.8,664.4
2022-02-03,664.5,665.2,664.3,664.9
2022-02-04,665.0,665.7,664.8,665.4
2022-02-07,665.5,666.2,665.3,665.9
2022-02-08,666.0,666.7,665.8,666.4
2022-02-09,666.5,667.2,666.3,666.9
2022-02-10,667.0,667.7,666.8,667.4
2022-02-11,667.5,668.2,667.3,667.9
2022-02-14,668.0,668.7,667.8,668.4
2022-02-15,668.5,669.2,668.3,668.9
2022-02-16,669.0,669.7,668.8,669.4
2022-02-17,669.5,670.2,669.3,669.9
2022-02-18,670.0,670.7,669.8,670.4
2022-02-21,670.5,671.2,670.3,670.9
2022-02-22,671.0,671.7,670.8,671.4
2022-02-23,671.5,672.2,671.3,671.9
2022-02-24,672.0,672.7,671.8,672.4
2022-02-25,672.5,673.2,672.3,672.9
2022-02-28,673.0,673.7,672.8,673.4
2022-03-01,673.5,674.2,673.3,673.9
2022-03-02,674.0,674.7,673.8,674.4
2022-03-03,674.5,675.2,674.3,674.9
2022-03-04,675.0,675.7,674.8,675.4
2022-03-07,675.5,676.2,675.3,675.9
2022-03-08,676.0,676.7,675.8,676.4
2022-03-09,676.5,677.2,676.3,676.9
2022-03-10,677.0,677.7,676.8,677.4
2022-03-11,677.5,678.2,677.3,677.9
2022-03-14,678.0,678.7,677.8,678.4
2022-03-15,678.5,679.2,678.3,678.9
2022-03-16,679.0,679.7,678.8,679.4
2022-03-17,679.5,680.2,679.3,679.9
2022-03-18,680.0,680.7,679.8,680.4
2022-03-21,680.5,681.2,680.3,680.9
2022-03-22,681.0,681.7,680.8,681.4
2022-03-23,681.5,682.2,681.3,681.9
2022-03-24,682.0,682.7,681.8,682.4
2022-03-25,682.5,683.2,682.3,682.9
2022-03-28,683.0,683.7,682.8,683.4
2022-03-29,683.5,684.2,683.3,683.9
2022-03-30,684.0,684.7,683.8,684.4
2022-03-31,684.5,685.2,684.3,684.9
2022-04-01,685.0,685.7,684.8,685.4
2022-04-04,685.5,686.2,685.3,685.9
2022-04-05,686.0,686.7,685.8,686.4
2022-04-06,686.5,687.2,686.3,686.9
2022-04-07,687.0,687.7,686.8,687.4
2022-04-08,687.5,688.2,687.3,687.9
2022-04-11,688.0,688.7,687.8,688.4
2022-04-12,688.5,689.2,688.3,688.9
2022-04-13,689.0,689.7,688.8,689.4
2022-04-14,689.5,690.2,689.3,689.9
2022-04-15,690.0,690.7,689.8,690.4
2022-04-18,690.5,691.2,690.3,690.9
2022-04-19,691.0,691.7,690.8,691.4
2022-04-20,691.5,692.2,691.3,691.9
2022-04-21,692.0,692.7,691.8,692.4
2022-04-22,692.5,693.2,692.3,692.9
2022-04-25,693.0,693.7,692.8,693.4
2022-04-26,693.5,694.2,693.3,693.9
2022-04-27,694.0,694.7,693.8,694.4
2022-04-28,694.5,695.2,694.3,694.9
2022-04-29,695.0,695.7,694.8,695.4
2022-05-02,695.5,696.2,695.3,695.9
2022-05-03,696.0,696.7,695.8,696.4
2022-05-04,696.5,697.2,696.3,696.9
2022-05-05,697.0,697.7,696.8,697.4
2022-05-06,697.5,698.2,697.3,697.9
2022-05-09,698.0,698.7,697.8,698.4
2022-05-10,698.5,699.2,698.3,698.9
2022-05-11,699.0,699.7,698.8,699.4
2022-05-12,699.5,700.2,699.3,699.9
2022-05-13,700.0,700.7,699.8,700.4
2022-05-16,700.5,701.2,700.3,700.9
2022-05-17,701.0,701.7,700.8,701.4
2022-05-18,701.5,702.2,701.3,701.9
2022-05-19,702.0,702.7,701.8,702.4
2022-05-20,702.5,703.2,702.3,702.9
2022-05-23,703.0,703.7,702.8,703.4
2022-05-24,703.5,704.2,703.3,703.9
2022-05-25,704.0,704.7,703.8,704.4
2022-05-26,704.5,705.2,704.3,704.9
2022-05-27,705.0,705.7,704.8,705.4
2022-05-30,705.5,706.2,705.3,705.9
2022-05-31,706.0,706.7,705.8,706.4
2022-06-01,706.5,707.2,706.3,706.9
2022-06-02,707.0,707.7,706.8,707.4
2022-06-03,707.5,708.2,707.3,707.9
2022-06-06,708.0,708.7,707.8,708.4
2022-06-07,708.5,709.2,708.3,708.9
2022-06-08,709.0,709.7,708.8,709.4
2022-06-09,709.5,710.2,709.3,709.9
2022-06-10,710.0,710.7,709.8,710.4
2022-06-13,710.5,711.2,710.3,710.9
2022-06-14,711.0,711.7,710.8,711.4
2022-06-15,711.5,712.2,711.3,711.9
2022-06-16,712.0,712.7,711.8,712.4
2022-06-17,712.5,713.2,712.3,712.9
2022-06-20,713.0,713.7,712.8,713.4
2022-06-21,713.5,714.2,713.3,713.9
2022-06-22,714.0,714.7,713.8,714.4
2022-06-23,714.5,715.2,714.3,714.9
2022-06-24,715.0,715.7,714.8,715.4
2022-06-27,715.5,716.2,715.3,715.9
2022-06-28,716.0,716.7,715.8,716.4
2022-06-29,716.5,717.2,716.3,716.9
2022-06-30,717.0,717.7,716.8,717.4
2022-07-01,717.5,718.2,717.3,717.9
2022-07-04,718.0,718.7,717.8,718.4
2022-07-05,718.5,719.2,718.3,718.9
2022-07-06,719.0,719.7,718.8,719.4
2022-07-07,719.5,720.2,719.3,719.9
2022-07-08,720.0,720.7,719.8,720.4
2022-07-11,720.5,721.2,720.3,720.9
2022-07-12,721.0,721.7,720.8,721.4
2022-07-13,721.5,722.2,721.3,721.9
2022-07-14,722.0,722.7,721.8,722.4
2022-07-15,722.5,723.2,722.3,722.9
2022-07-18,723.0,723.7,722.8,723.4
2022-07-19,723.5,724.2,723.3,723.9
2022-07-20,724.0,724.7,723.8,724.4
2022-07-21,724.5,725.2,724.3,724.9
2022-07-22,725.0,725.7,724.8,725.4
2022-07-25,725.5,726.2,725.3,725.9
2022-07-26,726.0,726.7,725.8,726.4
2022-07-27,726.5,727.2,726.3,726.9
2022-07-28,727.0,727.7,726.8,727.4
2022-07-29,727.5,728.2,727.3,727.9
2022-08-01,728.0,728.7,727.8,728.4
2022-08-02,728.5,729.2,728.3,728.9
2022-08-03,729.0,729.7,728.8,729.4
2022-08-04,729.5,730.2,729.3,729.9
2022-08-05,730.0,730.7,729.8,730.4
2022-08-08,730.5,731.2,730.3,730.9
2022-08-09,731.0,731.7,730.8,731.4
2022-08-10,731.5,732.2,731.3,731.9
2022-08-11,732.0,732.7,731.8,732.4
2022-08-12,732.5,733.2,732.3,732.9
2022-08-15,733.0,733.7,732.8,733.4
2022-08-16,733.5,734.2,733.3,733.9
2022-08-17,734.0,734.7,733.8,734.4
2022-08-18,734.5,735.2,734.3,734.9
2022-08-19,735.0,735.7,734.8,735.4
2022-08-22,735.5,736.2,735.3,735.9
2022-08-23,736.0,736.7,735.8,736.4
2022-08-24,736.5,737.2,736.3,736.9
2022-08-25,737.0,737.7,736.8,737.4
2022-08-26,737.5,738.2,737.3,737.9
2022-08-29,738.0,738.7,737.8,738.4
2022-08-30,738.5,739.2,738.3,738.9
2022-08-31,739.0,739.7,738.8,739.4
2022-09-01,739.5,740.2,739.3,739.9
2022-09-02,740.0,740.7,739.8,740.4
2022-09-05,740.5,741.2,740.3,740.9
2022-09-06,741.0,741.7,740.8,741.4
2022-09-07,741.5,742.2,741.3,741.9
2022-09-08,742.0,742.7,741.8,742.4
2022-09-09,742.5,743.2,742.3,742.9
2022-09-12,743.0,743.7,742.8,743.4
2022-09-13,743.5,744.2,743.3,743.9
2022-09-14,744.0,744.7,743.8,744.4
2022-09-15,744.5,745.2,744.3,744.9
2022-09-16,745.0,745.7,744.8,745.4
2022-09-19,745.5,746.2,745.3,745.9
2022-09-20,746.0,746.7,745.8,746.4
2022-09-21,746.5,747.2,746.3,746.9
2022-09-22,747.0,747.7,746.8,747.4
2022-09-23,747.5,748.2,747.3,747.9
2022-09-26,748.0,748.7,747.8,748.4
2022-09-27,748.5,749.2,748.3,748.9
2022-09-28,749.0,749.7,748.8,749.4
2022-09-29,749.5,750.2,749.3,749.9
2022-09-30,750.0,750.7,749.8,750.4
2022-10-03,750.5,751.2,750.3,750.9
2022-10-04,751.0,751.7,750.8,751.4
2022-10-05,751.5,752.2,751.3,751.9
2022-10-06,752.0,752.7,751.8,752.4
2022-10-07,752.5,753.2,752.3,752.9
2022-10-10,753.0,753.7,752.8,753.4
2022-10-11,753.5,754.2,753.3,753.9
2022-10-12,754.0,754.7,753.8,754.4
2022-10-13,754.5,755.2,754.3,754.9
2022-10-14,755.0,755.7,754.8,755.4
2022-10-17,755.5,756.2,755.3,755.9
2022-10-18,756.0,756.7,755.8,756.4
2022-10-19,756.5,757.2,756.3,756.9
2022-10-20,757.0,757.7,756.8,757.4
2022-10-21,757.5,758.2,757.3,757.9
2022-10-24,758.0,758.7,757.8,758.4
2022-10-25,758.5,759.2,758.3,758.9
2022-10-26,759.0,759.7,758.8,759.4
2022-10-27,759.5,760.2,759.3,759.9
2022-10-28,760.0,760.7,759.8,760.4
2022-10-31,760.5,761.2,760.3,760.9
2022-11-01,761.0,761.7,760.8,761.4
2022-11-02,761.5,762.2,761.3,761.9
2022-11-03,762.0,762.7,761.8,762.4
2022-11-04,762.5,763.2,762.3,762.9
2022-11-07,763.0,763.7,762.8,763.4
2022-11-08,763.5,764.2,763.3,763.9
2022-11-09,764.0,764.7,763.8,764.4
2022-11-10,764.5,765.2,764.3,764.9
2022-11-11,765.0,765.7,764.8,765.4
2022-11-14,765.5,766.2,765.3,765.9
2022-11-15,766.0,766.7,765.8,766.4
2022-11-16,766.5,767.2,766.3,766.9
2022-11-17,767.0,767.7,766.8,767.4
2022-11-18,767.5,768.2,767.3,767.9
2022-11-21,768.0,768.7,767.8,768.4
2022-11-22,768.5,769.2,768.3,768.9
2022-11-23,769.0,769.7,768.8,769.4
2022-11-24,769.5,770.2,769.3,769.9
2022-11-25,770.0,770.7,769.8,770.4
2022-11-28,770.5,771.2,770.3,770.9
2022-11-29,771.0,771.7,770.8,771.4
2022-11-30,771.5,772.2,771.3,771.9
2022-12-01,772.0,772.7,771.8,772.4
2022-12-02,772.5,773.2,772.3,772.9
2022-12-05,773.0,773.7,772.8,773.4
2022-12-06,773.5,774.2,773.3,773.9
2022-12-07,774.0,774.7,773.8,774.4
2022-12-08,774.5,775.2,774.3,774.9
2022-12-09,775.0,775.7,774.8,775.4
2022-12-12,775.5,776.2,775.3,775.9
2022-12-13,776.0,776.7,775.8,776.4
2022-12-14,776.5,777.2,776.3,776.9
2022-12-15,777.0,777.7,776.8,777.4
2022-12-16,777.5,778.2,777.3,777.9
2022-12-19,778.0,778.7,777.8,778.4
2022-12-20,778.5,779.2,778.3,778.9
2022-12-21,779.0,779.7,778.8,779.4
2022-12-22,779.5,780.2,779.3,779.9
2022-12-23,780.0,780.7,779.8,780.4
2022-12-26,780.5,781.2,780.3,780.9
2022-12-27,781.0,781.7,780.8,781.4
2022-12-28,781.5,782.2,781.3,781.9
2022-12-29,782.0,782.7,781.8,782.4
2022-12-30,782.5,783.2,782.3,782.9
2022-12-31,783.0,783.7,782.8,783.4
2023-01-02,783.5,784.2,783.3,783.9
2023-01-03,784.0,784.7,783.8,784.4
2023-01-04,784.5,785.2,784.3,784.9
2023-01-05,785.0,785.7,784.8,785.4
2023-01-06,785.5,786.2,785.3,785.9
2023-01-09,786.0,786.7,785.8,786.4
2023-01-10,786.5,787.2,786.3,786.9
2023-01-11,787.0,787.7,786.8,787.4
2023-01-12,787.5,788.2,787.3,787.9
2023-01-13,788.0,788.7,787.8,788.4
2023-01-16,788.5,789.2,788.3,788.9
2023-01-17,789.0,789.7,788.8,789.4
2023-01-18,789.5,790.2,789.3,789.9
2023-01-19,790.0,790.7,789.8,790.4
2023-01-20,790.5,791.2,790.3,790.9
2023-01-23,791.0,791.7,790.8,791.4
2023-01-24,791.5,792.2,791.3,791.9
2023-01-25,792.0,792.7,791.8,792.4
2023-01-26,792.5,793.2,792.3,792.9
2023-01-27,793.0,793.7,792.8,793.4
2023-01-30,793.5,794.2,793.3,793.9
2023-01-31,794.0,794.7,793.8,794.4
2023-02-01,794.5,795.2,794.3,794.9
2023-02-02,795.0,795.7,794.8,795.4
2023-02-03,795.5,796.2,795.3,795.9
2023-02-06,796.0,796.7,795.8,796.4
2023-02-07,796.5,797.2,796.3,796.9
2023-02-08,797.0,797.7,796.8,797.4
2023-02-09,797.5,798.2,797.3,797.9
2023-02-10,798.0,798.7,797.8,798.4
2023-02-13,798.5,799.2,798.3,798.9
2023-02-14,799.0,799.7,798.8,799.4
2023-02-15,799.5,800.2,799.3,799.9
2023-02-16,800.0,800.7,799.8,800.4
2023-02-17,800.5,801.2,800.3,800.9
2023-02-20,801.0,801.7,800.8,801.4
2023-02-21,801.5,802.2,801.3,801.9
2023-02-22,802.0,802.7,801.8,802.4
2023-02-23,802.5,803.2,802.3,802.9
2023-02-24,803.0,803.7,802.8,803.4
2023-02-27,803.5,804.2,803.3,803.9
2023-02-28,804.0,804.7,803.8,804.4
2023-03-01,804.5,805.2,804.3,804.9
2023-03-02,805.0,805.7,804.8,805.4
2023-03-03,805.5,806.2,805.3,805.9
2023-03-06,806.0,806.7,805.8,806.4
2023-03-07,806.5,807.2,806.3,806.9
2023-03-08,807.0,807.7,806.8,807.4
2023-03-09,807.5,808.2,807.3,807.9
2023-03-10,808.0,808.7,807.8,808.4
2023-03-13,808.5,809.2,808.3,808.9
2023-03-14,809.0,809.7,808.8,809.4
2023-03-15,809.5,810.2,809.3,809.9
2023-03-16,810.0,810.7,809.8,810.4
2023-03-17,810.5,811.2,810.3,810.9
2023-03-20,811.0,811.7,810.8,811.4
2023-03-21,811.5,812.2,811.3,811.9
2023-03-22,812.0,812.7,811.8,812.4
2023-03-23,812.5,813.2,812.3,812.9
2023-03-24,813.0,813.7,812.8,813.4
2023-03-27,813.5,814.2,813.3,813.9
2023-03-28,814.0,814.7,813.8,814.4
2023-03-29,814.5,815.2,814.3,814.9
2023-03-30,815.0,815.7,814.8,815.4
2023-03-31,815.5,816.2,815.3,815.9
2023-04-03,816.0,816.7,815.8,816.4
2023-04-04,816.5,817.2,816.3,816.9
2023-04-05,817.0,817.7,816.8,817.4
2023-04-06,817.5,818.2,817.3,817.9
2023-04-07,818.0,818.7,817.8,818.4
2023-04-10,818.5,819.2,818.3,818.9
2023-04-11,819.0,819.7,818.8,819.4
2023-04-12,819.5,820.2,819.3,819.9
2023-04-13,820.0,820.7,819.8,820.4
2023-04-14,820.5,821.2,820.3,820.9
2023-04-17,821.0,821.7,820.8,821.4
2023-04-18,821.5,822.2,821.3,821.9
2023-04-19,822.0,822.7,821.8,822.4
2023-04-20,822.5,823.2,822.3,822.9
2023-04-21,823.0,823.7,822.8,823.4
2023-04-24,823.5,824.2,823.3,823.9
2023-04-25,824.0,824.7,823.8,824.4
2023-04-26,824.5,825.2,824.3,824.9
2023-04-27,825.0,825.7,824.8,825.4
2023-04-28,825.5,826.2,825.3,825.9
2023-05-01,826.0,826.7,825.8,826.4
2023-05-02,826.5,827.2,826.3,826.9
2023-05-03,827.0,827.7,826.8,827.4
2023-05-04,827.5,828.2,827.3,827.9
2023-05-05,828.0,828.7,827.8,828.4
2023-05-08,828.5,829.2,828.3,828.9
2023-05-09,829.0,829.7,828.8,829.4
2023-05-10,829.5,830.2,829.3,829.9
2023-05-11,830.0,830.7,829.8,830.4
2023-05-12,830.5,831.2,830.3,830.9
2023-05-15,831.0,831.7,830.8,831.4
2023-05-16,831.5,832.2,831.3,831.9
2023-05-17,832.0,832.7,831.8,832.4
2023-05-18,832.5,833.2,832.3,832.9
2023-05-19,833.0,833.7,832.8,833.4
2023-05-22,833.5,834.2,833.3,833.9
2023-05-23,834.0,834.7,833.8,834.4
2023-05-24,834.5,835.2,834.3,834.9
2023-05-25,835.0,835.7,834.8,835.4
2023-05-26,835.5,836.2,835.3,835.9
2023-05-29,836.0,836.7,835.8,836.4
2023-05-30,836.5,837.2,836.3,836.9
2023-05-31,837.0,837.7,836.8,837.4
2023-06-01,837.5,838.2,837.3,837.9
2023-06-02,838.0,838.7,837.8,838.4
2023-06-05,838.5,839.2,838.3,838.9
2023-06-06,839.0,839.7,838.8,839.4
2023-06-07,839.5,840.2,839.3,839.9
2023-06-08,840.0,840.7,839.8,840.4
2023-06-09,840.5,841.2,840.3,840.9
2023-06-12,841.0,841.7,840.8,841.4
2023-06-13,841.5,842.2,841.3,841.9
2023-06-14,842.0,842.7,841.8,842.4
2023-06-15,842.5,843.2,842.3,842.9
2023-06-16,843.0,843.7,842.8,843.4
2023-06-19,843.5,844.2,843.3,843.9
2023-06-20,844.0,844.7,843.8,844.4
2023-06-21,844.5,845.2,844.3,844.9
2023-06-22,845.0,845.7,844.8,845.4
2023-06-23,845.5,846.2,845.3,845.9
2023-06-26,846.0,846.7,845.8,846.4
2023-06-27,846.5,847.2,846.3,846.9
2023-06-28,847.0,847.7,846.8,847.4
2023-06-29,847.5,848.2,847.3,847.9
2023-06-30,848.0,848.7,847.8,848.4
2023-07-03,848.5,849.2,848.3,848.9
2023-07-04,849.0,849.7,848.8,849.4
2023-07-05,849.5,850.2,849.3,849.9
2023-07-06,850.0,850.7,849.8,850.4
2023-07-07,850.5,851.2,850.3,850.9
2023-07-10,851.0,851.7,850.8,851.4
2023-07-11,851.5,852.2,851.3,851.9
2023-07-12,852.0,852.7,851.8,852.4
2023-07-13,852.5,853.2,852.3,852.9
2023-07-14,853.0,853.7,852.8,853.4
2023-07-17,853.5,854.2,853.3,853.9
2023-07-18,854.0,854.7,853.8,854.4
2023-07-19,854.5,855.2,854.3,854.9
2023-07-20,855.0,855.7,854.8,855.4
2023-07-21,855.5,856.2,855.3,855.9
2023-07-24,856.0,856.7,855.8,856.4
2023-07-25,856.5,857.2,856.3,856.9
2023-07-26,857.0,857.7,856.8,857.4
2023-07-27,857.5,858.2,857.3,857.9
2023-07-28,858.0,858.7,857.8,858.4
2023-07-31,858.5,859.2,858.3,858.9
2023-08-01,859.0,859.7,858.8,859.4
2023-08-02,859.5,860.2,859.3,859.9
2023-08-03,860.0,860.7,859.8,860.4
2023-08-04,860.5,861.2,860.3,860.9
2023-08-07,861.0,861.7,860.8,861.4
2023-08-08,861.5,862.2,861.3,861.9
2023-08-09,862.0,862.7,861.8,862.4
2023-08-10,862.5,863.2,862.3,862.9
2023-08-11,863.0,863.7,862.8,863.4
2023-08-14,863.5,864.2,863.3,863.9
2023-08-15,864.0,864.7,863.8,864.4
2023-08-16,864.5,865.2,864.3,864.9
2023-08-17,865.0,865.7,864.8,865.4
2023-08-18,865.5,866.2,865.3,865.9
2023-08-21,866.0,866.7,865.8,866.4
2023-08-22,866.5,867.2,866.3,866.9
2023-08-23,867.0,867.7,866.8,867.4
2023-08-24,867.5,868.2,867.3,867.9
2023-08-25,868.0,868.7,867.8,868.4
2023-08-28,868.5,869.2,868.3,868.9
2023-08-29,869.0,869.7,868.8,869.4
2023-08-30,869.5,870.2,869.3,869.9
2023-08-31,870.0,870.7,869.8,870.4
2023-09-01,870.5,871.2,870.3,870.9
2023-09-04,871.0,871.7,870.8,871.4
2023-09-05,871.5,872.2,871.3,871.9
2023-09-06,872.0,872.7,871.8,872.4
2023-09-07,872.5,873.2,872.3,872.9
2023-09-08,873.0,873.7,872.8,873.4
2023-09-11,873.5,874.2,873.3,873.9
2023-09-12,874.0,874.7,873.8,874.4
2023-09-13,874.5,875.2,874.3,874.9
2023-09-14,875.0,875.7,874.8,875.4
2023-09-15,875.5,876.2,875.3,875.9
2023-09-18,876.0,876.7,875.8,876.4
2023-09-19,876.5,877.2,876.3,876.9
2023-09-20,877.0,877.7,876.8,877.4
2023-09-21,877.5,878.2,877.3,877.9
2023-09-22,878.0,878.7,877.8,878.4
2023-09-25,878.5,879.2,878.3,878.9
2023-09-26,879.0,879.7,878.8,879.4
2023-09-27,879.5,880.2,879.3,879.9
2023-09-28,880.0,880.7,879.8,880.4
2023-09-29,880.5,881.2,880.3,880.9
2023-10-02,881.0,881.7,880.8,881.4
2023-10-03,881.5,882.2,881.3,881.9
2023-10-04,882.0,882.7,881.8,882.4
2023-10-05,882.5,883.2,882.3,882.9
2023-10-06,883.0,883.7,882.8,883.4
2023-10-09,883.5,884.2,883.3,883.9
2023-10-10,884.0,884.7,883.8,884.4
2023-10-11,884.5,885.2,884.3,884.9
2023-10-12,885.0,885.7,884.8,885.4
2023-10-13,885.5,886.2,885.3,885.9
2023-10-16,886.0,886.7,885.8,886.4
2023-10-17,886.5,887.2,886.3,886.9
2023-10-18,887.0,887.7,886.8,887.4
2023-10-19,887.5,888.2,887.3,887.9
2023-10-20,888.0,888.7,887.8,888.4
2023-10-23,888.5,889.2,888.3,888.9
2023-10-24,889.0,889.7,888.8,889.4
2023-10-25,889.5,890.2,889.3,889.9
2023-10-26,890.0,890.7,889.8,890.4
2023-10-27,890.5,891.2,890.3,890.9
2023-10-30,891.0,891.7,890.8,891.4
2023-10-31,891.5,892.2,891.3,891.9
2023-11-01,892.0,892.7,891.8,892.4
2023-11-02,892.5,893.2,892.3,892.9
2023-11-03,893.0,893.7,892.8,893.4
2023-11-06,893.5,894.2,893.3,893.9
2023-11-07,894.0,894.7,893.8,894.4
2023-11-08,894.5,895.2,894.3,894.9
2023-11-09,895.0,895.7,894.8,895.4
2023-11-10,895.5,896.2,895.3,895.9
2023-11-13,896.0,896.7,895.8,896.4
2023-11-14,896.5,897.2,896.3,896.9
2023-11-15,897.0,897.7,896.8,897.4
2023-11-16,897.5,898.2,897.3,897.9
2023-11-17,898.0,898.7,897.8,898.4
2023-11-20,898.5,899.2,898.3,898.9
2023-11-21,899.0,899.7,898.8,899.4
2023-11-22,899.5,900.2,899.3,899.9
2023-11-23,900.0,900.7,899.8,900.4
2023-11-24,900.5,901.2,900.3,900.9
2023-11-27,901.0,901.7,900.8,901.4
2023-11-28,901.5,902.2,901.3,901.9
2023-11-29,902.0,902.7,901.8,902.4
2023-11-30,902.5,903.2,902.3,902.9
2023-12-01,903.0,903.7,902.8,903.4
2023-12-04,903.5,904.2,903.3,903.9
2023-12-05,904.0,904.7,903.8,904.4
2023-12-06,904.5,905.2,904.3,904.9
2023-12-07,905.0,905.7,904.8,905.4
2023-12-08,905.5,906.2,905.3,905.9
2023-12-11,906.0,906.7,905.8,906.4
2023-12-12,906.5,907.2,906.3,906.9
2023-12-13,907.0,907.7,906.8,907.4
2023-12-14,907.5,908.2,907.3,907.9
2023-12-15,908.0,908.7,907.8,908.4
2023-12-18,908.5,909.2,908.3,908.9
2023-12-19,909.0,909.7,908.8,909.4
2023-12-20,909.5,910.2,909.3,909.9
2023-12-21,910.0,910.7,909.8,910.4
2023-12-22,910.5,911.2,910.3,910.9
2023-12-25,911.0,911.7,910.8,911.4
2023-12-26,911.5,912.2,911.3,911.9
2023-12-27,912.0,912.7,911.8,912.4
2023-12-28,912.5,913.2,912.3,912.9
2023-12-29,913.0,913.7,912.8,913.4
2023-12-30,913.5,914.2,913.3,913.9
2023-12-31,914.0,914.7,913.8,914.4
2024-01-01,914.5,915.2,914.3,914.9
2024-01-02,915.0,915.7,914.8,915.4
2024-01-03,915.5,916.2,915.3,915.9
2024-01-04,916.0,916.7,915.8,916.4
2024-01-05,916.5,917.2,916.3,916.9
2024-01-06,917.0,917.7,916.8,917.4
2024-01-09,917.5,918.2,917.3,917.9
2024-01-10,918.0,918.7,917.8,918.4
2024-01-11,918.5,919.2,918.3,918.9
2024-01-12,919.0,919.7,918.8,919.4
2024-01-13,919.5,920.2,919.3,919.9
2024-01-16,920.0,920.7,919.8,920.4
2024-01-17,920.5,921.2,920.3,920.9
2024-01-18,921.0,921.7,920.8,921.4
2024-01-19,921.5,922.2,921.3,921.9
2024-01-20,922.0,922.7,921.8,922.4
2024-01-23,922.5,923.2,922.3,922.9
2024-01-24,923.0,923.7,922.8,923.4
2024-01-25,923.5,924.2,923.3,923.9
2024-01-26,924.0,924.7,923.8,924.4
2024-01-27,924.5,925.2,924.3,924.9
2024-01-30,925.0,925.7,924.8,925.4
2024-01-31,925.5,926.2,925.3,925.9
2024-02-01,926.0,926.7,925.8,926.4
2024-02-02,926.5,927.2,926.3,926.9
2024-02-03,927.0,927.7,926.8,927.4
2024-02-06,927.5,928.2,927.3,927.9
2024-02-07,928.0,928.7,927.8,928.4
2024-02-08,928.5,929.2,928.3,928.9
2024-02-09,929.0,929.7,928.8,929.4
2024-02-10,929.5,930.2,929.3,929.9
2024-02-13,930.0,930.7,929.8,930.4
2024-02-14,930.5,931.2,930.3,930.9
2024-02-15,931.0,931.7,930.8,931.4
2024-02-16,931.5,932.2,931.3,931.9
2024-02-17,932.0,932.7,931.8,932.4
2024-02-20,932.5,933.2,932.3,932.9
2024-02-21,933.0,933.7,932.8,933.4
2024-02-22,933.5,934.2,933.3,933.9
2024-02-23,934.0,934.7,933.8,934.4
2024-02-24,934.5,935.2,934.3,934.9
2024-02-27,935.0,935.7,934.8,935.4
2024-02-28,935.5,936.2,935.3,935.9
2024-02-29,936.0,936.7,935.8,936.4
2024-03-01,936.5,937.2,936.3,936.9
2024-03-02,937.0,937.7,936.8,937.4
2024-03-05,937.5,938.2,937.3,937.9
2024-03-06,938.0,938.7,937.8,938.4
2024-03-07,938.5,939.2,938.3,938.9
2024-03-08,939.0,939.7,938.8,939.4
2024-03-09,939.5,940.2,939.3,939.9
2024-03-12,940.0,940.7,939.8,940.4
2024-03-13,940.5,941.2,940.3,940.9
2024-03-14,941.0,941.7,940.8,941.4
2024-03-15,941.5,942.2,941.3,941.9
2024-03-16,942.0,942.7,941.8,942.4
2024-03-19,942.5,943.2,942.3,942.9
2024-03-20,943.0,943.7,942.8,943.4
2024-03-21,943.5,944.2,943.3,943.9
2024-03-22,944.0,944.7,943.8,944.4
2024-03-23,944.5,945.2,944.3,944.9
2024-03-26,945.0,945.7,944.8,945.4
2024-03-27,945.5,946.2,945.3,945.9
2024-03-28,946.0,946.7,945.8,946.4
2024-03-29,946.5,947.2,946.3,946.9
2024-03-30,947.0,947.7,946.8,947.4
2024-04-02,947.5,948.2,947.3,947.9
2024-04-03,948.0,948.7,947.8,948.4
2024-04-04,948.5,949.2,948.3,948.9
2024-04-05,949.0,949.7,948.8,949.4
2024-04-06,949.5,950.2,949.3,949.9
2024-04-09,950.0,950.7,949.8,950.4
2024-04-10,950.5,951.2,950.3,950.9
2024-04-11,951.0,951.7,950.8,951.4
2024-04-12,951.5,952.2,951.3,951.9
2024-04-13,952.0,952.7,951.8,952.4
2024-04-16,952.5,953.2,952.3,952.9
2024-04-17,953.0,953.7,952.8,953.4
2024-04-18,953.5,954.2,953.3,953.9
2024-04-19,954.0,954.7,953.8,954.4
2024-04-20,954.5,955.2,954.3,954.9
2024-04-23,955.0,955.7,954.8,955.4
2024-04-24,955.5,956.2,955.3,955.9
2024-04-25,956.0,956.7,955.8,956.4
2024-04-26,956.5,957.2,956.3,956.9
2024-04-27,957.0,957.7,956.8,957.4
2024-04-30,957.5,958.2,957.3,957.9
2024-05-01,958.0,958.7,957.8,958.4
2024-05-02,958.5,959.2,958.3,958.9
2024-05-03,959.0,959.7,958.8,959.4
2024-05-04,959.5,960.2,959.3,959.9
2024-05-07,960.0,960.7,959.8,960.4
2024-05-08,960.5,961.2,960.3,960.9
2024-05-09,961.0,961.7,960.8,961.4
2024-05-10,961.5,962.2,961.3,961.9
2024-05-11,962.0,962.7,961.8,962.4
2024-05-14,962.5,963.2,962.3,962.9
2024-05-15,963.0,963.7,962.8,963.4
2024-05-16,963.5,964.2,963.3,963.9
2024-05-17,964.0,964.7,963.8,964.4
2024-05-18,964.5,965.2,964.3,964.9
2024-05-21,965.0,965.7,964.8,965.4
2024-05-22,965.5,966.2,965.3,965.9
2024-05-23,966.0,966.7,965.8,966.4
2024-05-24,966.5,967.2,966.3,966.9
2024-05-25,967.0,967.7,966.8,967.4
2024-05-28,967.5,968.2,967.3,967.9
2024-05-29,968.0,968.7,967.8,968.4
2024-05-30,968.5,969.2,968.3,968.9
2024-05-31,969.0,969.7,968.8,969.4
2024-06-01,969.5,970.2,969.3,969.9
2024-06-04,970.0,970.7,969.8,970.4
2024-06-05,970.5,971.2,970.3,970.9
2024-06-06,971.0,971.7,970.8,971.4
2024-06-07,971.5,972.2,971.3,971.9
2024-06-08,972.0,972.7,971.8,972.4
2024-06-11,972.5,973.2,972.3,972.9
2024-06-12,973.0,973.7,972.8,973.4
2024-06-13,973.5,974.2,973.3,973.9
2024-06-14,974.0,974.7,973.8,974.4
2024-06-15,974.5,975.2,974.3,974.9
2024-06-18,975.0,975.7,974.8,975.4
2024-06-19,975.5,976.2,975.3,975.9
2024-06-20,976.0,976.7,975.8,976.4
2024-06-21,976.5,977.2,976.3,976.9
2024-06-22,977.0,977.7,976.8,977.4
2024-06-25,977.5,978.2,977.3,977.9
2024-06-26,978.0,978.7,977.8,978.4
2024-06-27,978.5,979.2,978.3,978.9
2024-06-28,979.0,979.7,978.8,979.4
2024-06-29,979.5,980.2,979.3,979.9
2024-07-02,980.0,980.7,979.8,980.4
2024-07-03,980.5,981.2,980.3,980.9
2024-07-04,981.0,981.7,980.8,981.4
2024-07-05,981.5,982.2,981.3,981.9
2024-07-06,982.0,982.7,981.8,982.4
2024-07-09,982.5,983.2,982.3,982.9
2024-07-10,983.0,983.7,982.8,983.4
2024-07-11,983.5,984.2,983.3,983.9
2024-07-12,984.0,984.7,983.8,984.4
2024-07-13,984.5,985.2,984.3,984.9
2024-07-16,985.0,985.7,984.8,985.4
2024-07-17,985.5,986.2,985.3,985.9
2024-07-18,986.0,986.7,985.8,986.4
2024-07-19,986.5,987.2,986.3,986.9
2024-07-20,987.0,987.7,986.8,987.4
2024-07-23,987.5,988.2,987.3,987.9
2024-07-24,988.0,988.7,987.8,988.4
2024-07-25,988.5,989.2,988.3,988.9
2024-07-26,989.0,989.7,988.8,989.4
2024-07-27,989.5,990.2,989.3,989.9
2024-07-30,990.0,990.7,989.8,990.4
2024-07-31,990.5,991.2,990.3,990.9
2024-08-01,991.0,991.7,990.8,991.4
2024-08-02,991.5,992.2,991.3,991.9
2024-08-03,992.0,992.7,991.8,992.4
2024-08-06,992.5,993.2,992.3,992.9
2024-08-07,993.0,993.7,992.8,993.4
2024-08-08,993.5,994.2,993.3,993.9
2024-08-09,994.0,994.7,993.8,994.4
2024-08-10,994.5,995.2,994.3,994.9
2024-08-13,995.0,995.7,994.8,995.4
2024-08-14,995.5,996.2,995.3,995.9
2024-08-15,996.0,996.7,995.8,996.4
2024-08-16,996.5,997.2,996.3,996.9
2024-08-17,997.0,997.7,996.8,997.4
2024-08-20,997.5,998.2,997.3,997.9
2024-08-21,998.0,998.7,997.8,998.4
2024-08-22,998.5,999.2,998.3,998.9
2024-08-23,999.0,999.7,998.8,999.4
2024-08-24,999.5,1000.2,999.3,999.9
2024-08-27,1000.0,1000.7,999.8,1000.4
2024-08-28,1000.5,1001.2,1000.3,1000.9
2024-08-29,1001.0,1001.7,1000.8,1001.4
2024-08-30,1001.5,1002.2,1001.3,1001.9
2024-08-31,1002.0,1002.7,1001.8,1002.4
2024-09-03,1002.5,1003.2,1002.3,1002.9
2024-09-04,1003.0,1003.7,1002.8,1003.4
2024-09-05,1003.5,1004.2,1003.3,1003.9
2024-09-06,1004.0,1004.7,1003.8,1004.4
2024-09-07,1004.5,1005.2,1004.3,1004.9
2024-09-10,1005.0,1005.7,1004.8,1005.4
2024-09-11,1005.5,1006.2,1005.3,1005.9
2024-09-12,1006.0,1006.7,1005.8,1006.4
2024-09-13,1006.5,1007.2,1006.3,1006.9
2024-09-14,1007.0,1007.7,1006.8,1007.4
2024-09-17,1007.5,1008.2,1007.3,1007.9
2024-09-18,1008.0,1008.7,1007.8,1008.4
2024-09-19,1008.5,1009.2,1008.3,1008.9
2024-09-20,1009.0,1009.7,1008.8,1009.4
2024-09-21,1009.5,1010.2,1009.3,1009.9
2024-09-24,1010.0,1010.7,1009.8,1010.4
2024-09-25,1010.5,1011.2,1010.3,1010.9
2024-09-26,1011.0,1011.7,1010.8,1011.4
2024-09-27,1011.5,1012.2,1011.3,1011.9
2024-09-28,1012.0,1012.7,1011.8,1012.4
2024-10-01,1012.5,1013.2,1012.3,1012.9
2024-10-02,1013.0,1013.7,1012.8,1013.4
2024-10-03,1013.5,1014.2,1013.3,1013.9
2024-10-04,1014.0,1014.7,1013.8,1014.4
2024-10-05,1014.5,1015.2,1014.3,1014.9
2024-10-08,1015.0,1015.7,1014.8,1015.4
2024-10-09,1015.5,1016.2,1015.3,1015.9
2024-10-10,1016.0,1016.7,1015.8,1016.4
2024-10-11,1016.5,1017.2,1016.3,1016.9
2024-10-12,1017.0,1017.7,1016.8,1017.4
2024-10-15,1017.5,1018.2,1017.3,1017.9
2024-10-16,1018.0,1018.7,1017.8,1018.4
2024-10-17,1018.5,1019.2,1018.3,1018.9
2024-10-18,1019.0,1019.7,1018.8,1019.4
2024-10-19,1019.5,1020.2,1019.3,1019.9
2024-10-22,1020.0,1020.7,1019.8,1020.4
2024-10-23,1020.5,1021.2,1020.3,1020.9
2024-10-24,1021.0,1021.7,1020.8,1021.4
2024-10-25,1021.5,1022.2,1021.3,1021.9
2024-10-26,1022.0,1022.7,1021.8,1022.4
2024-10-29,1022.5,1023.2,1022.3,1022.9
2024-10-30,1023.0,1023.7,1022.8,1023.4
2024-10-31,1023.5,1024.2,1023.3,1023.9
2024-11-01,1024.0,1024.7,1023.8,1024.4
2024-11-02,1024.5,1025.2,1024.3,1024.9
2024-11-05,1025.0,1025.7,1024.8,1025.4
2024-11-06,1025.5,1026.2,1025.3,1025.9
2024-11-07,1026.0,1026.7,1025.8,1026.4
2024-11-08,1026.5,1027.2,1026.3,1026.9
2024-11-09,1027.0,1027.7,1026.8,1027.4
2024-11-12,1027.5,1028.2,1027.3,1027.9
2024-11-13,1028.0,1028.7,1027.8,1028.4
2024-11-14,1028.5,1029.2,1028.3,1028.9
2024-11-15,1029.0,1029.7,1028.8,1029.4
2024-11-16,1029.5,1030.2,1029.3,1029.9
2024-11-19,1030.0,1030.7,1029.8,1030.4
2024-11-20,1030.5,1031.2,1030.3,1030.9
2024-11-21,1031.0,1031.7,1030.8,1031.4
2024-11-22,1031.5,1032.2,1031.3,1031.9
2024-11-23,1032.0,1032.7,1031.8,1032.4
2024-11-26,1032.5,1033.2,1032.3,1032.9
2024-11-27,1033.0,1033.7,1032.8,1033.4
2024-11-28,1033.5,1034.2,1033.3,1033.9
2024-11-29,1034.0,1034.7,1033.8,1034.4
2024-11-30,1034.5,1035.2,1034.3,1034.9
